product_no,index,stock,price_change,color,size,other_option
5918,0,17,339000,,,시내권 1대당
5918,1,2,379000,,,제주도및섬지역 1대당
5919,0,20,419000,,,시내권 1대당
5919,1,9,459000,,,제주도및섬지역 1대당
6015,0,15,639000,,,시내권 1대당
6015,1,15,689000,,,제주도및섬지역 1대당
6086,0,13,480000,,,시내권1대당
6088,0,14,640000,,,시내권1대당
6089,0,12,740000,,,시내권1대당
5920,0,11,730000,,,
5852,0,8,820000,,,
5851,0,17,950000,,,
6001,0,19,1030000,,,
5855,0,9,1100000,,,
5853,0,12,1270000,,,
5856,0,2,1490000,,,
5857,0,7,1690000,,,
6090,0,13,2000000,,,
5736,0,9,620000,,,라켓2개+네트+12입탁구공
5735,0,13,730000,,,라켓2개+네트+12입탁구공
5734,0,6,920000,,,라켓2개+네트+12입탁구공
5732,0,9,1000000,,,라켓2개+네트+12입탁구공
5733,0,7,1200000,,,라켓2개+네트+12입탁구공
5731,0,15,1400000,,,라켓2개+네트+12입탁구공
6024,0,11,1650000,,,라켓2개+네트+12입탁구공
5917,0,4,659000,,,화물배송비
5716,0,16,445000,,,
4364,0,1,1490000,,,
4363,0,19,1290000,,,
6190,0,20,1650000,,,
4321,0,19,15000,,,
4320,0,11,22000,,,
4319,0,6,24000,,,
4318,0,4,32000,,,
4315,0,12,38000,,,
4314,0,20,47000,,,
4313,0,13,64000,,,
4324,0,3,17000,,,
4323,0,18,22000,,,
4322,0,19,28000,,,
4317,0,9,35000,,,
5543,0,19,48000,,,
5544,0,12,55000,,,
4316,0,8,69000,,,
6191,0,19,279000,,,선택안함
6191,1,19,309000,,,오렌지
6191,2,17,309000,,,블랙
6191,3,11,309000,,,라임그린
6191,4,7,309000,,,블루
6191,5,2,309000,,,로즈
6191,6,13,279000,,,선택안함
6191,7,18,309000,,,오렌지
6191,8,13,309000,,,블랙
6191,9,19,309000,,,라임그린
6191,10,20,309000,,,블루
6191,11,1,309000,,,로즈
6165,0,7,189000,,,ST타입
6165,1,6,189000,,,FL타입
6166,0,6,229000,,,ST타입
6167,0,2,249000,,,ST타입
6167,1,18,249000,,,FL타입
6041,0,16,249000,,,ST
6041,1,9,249000,,,FL
5792,0,19,189000,,,FL
5791,0,4,229000,,,FL
5793,0,7,149000,,,러버부착발송
5794,0,17,239000,,,러버부착발송
6091,0,19,7000,,,
6092,0,10,12000,,,
4333,0,4,10000,,,
6249,0,4,40000,,,
6251,0,9,15000,,,
4368,0,10,25000,,,
5859,0,12,125000,,,
5858,0,3,220000,,,
4358,0,17,240000,검정,,
4358,1,4,240000,파랑,,
4358,2,13,240000,오렌지,,
6073,0,10,15000,,,
6074,0,6,20000,,,
4337,0,18,33000,,,
6075,0,20,60000,,,
6192,0,9,77000,,,
5714,0,9,33000,,,
6238,0,17,35000,,,
6004,0,19,45000,,,
4351,0,1,70000,,,
6149,0,19,55000,,,
6031,0,12,80000,,,
6014,0,7,65000,,,
4361,0,11,90000,,,화물배송비
4360,0,1,85000,,,
6087,0,3,195000,,,화물배송비
4367,0,11,30000,,,
4312,0,6,35000,,,
6190,0,17,1650000,,,
6190,0,4,1650000,,,
5895,0,8,1450000,,,
5922,0,20,1250000,,,
5917,0,12,659000,,,화물배송비
5716,0,13,445000,,,
6028,0,4,535000,,,
6078,0,16,595000,,,
5678,0,15,250000,,,선택안함
5678,1,13,300000,,,로봇전용 볼네트
5676,0,5,200000,레드,,구매안함
5676,1,6,250000,레드,,로봇전용 볼네트
5676,2,18,200000,블랙,,구매안함
5676,3,4,250000,블랙,,로봇전용 볼네트
4364,0,19,1490000,,,
6266,0,5,212000,,,ST
6266,1,18,212000,,,FL
6256,0,10,142000,,,ST
6256,1,8,142000,,,FL
6257,0,5,220000,,,ST
6257,1,0,220000,,,FL
6258,0,1,159000,,,ST
6258,1,2,159000,,,FL
6259,0,8,135000,,,ST
6259,1,0,135000,,,FL
6259,2,1,135000,,,CP
6260,0,16,139000,,,ST
6260,1,2,139000,,,FL
6261,0,0,125000,,,ST
6261,1,2,125000,,,FL
6262,0,15,135000,,,ST
6262,1,0,135000,,,FL
6263,0,15,159500,,,ST
6263,1,18,159500,,,FL
6264,0,19,189000,,,ST
6264,1,17,189000,,,FL
6265,0,20,198000,,,ST
6265,1,10,198000,,,FL
5630,0,18,30000,,,
5627,0,10,279000,,,
5628,0,16,139000,,,
5644,0,13,490000,,,
5634,0,15,69500,,,
6185,0,19,164000,,,
6186,0,12,132000,,,
6187,0,15,98000,,,
5879,0,1,28000,,,ST
5879,1,8,28000,,,FL
5620,0,2,46000,,,ST
5620,1,7,46000,,,FL
5623,0,17,90000,,,ST
5623,1,19,90000,,,FL
5624,0,14,54000,,,ST
5624,1,14,54000,,,FL
5629,0,17,68000,,,ST
5629,1,11,68000,,,FL
5637,0,3,53000,,,ST
5637,1,19,53000,,,FL
5642,0,8,70000,,,ST
5642,1,16,70000,,,FL
6188,0,12,79000,,,ST
6188,1,7,79000,,,FL
5880,0,8,64900,레드,,2.0
5880,1,18,64900,레드,,MAX
5880,2,1,64900,블랙,,2.0
5880,3,13,64900,블랙,,MAX
5883,0,1,64900,레드,,2.0
5883,1,17,64900,레드,,MAX
5883,2,15,64900,블랙,,2.0
5883,3,1,64900,블랙,,MAX
5884,0,9,79000,레드,,2.0
5884,1,5,79000,레드,,MAX
5884,2,11,79000,블랙,,2.0
5884,3,16,79000,블랙,,MAX
5886,0,15,64900,레드,,2.0
5886,1,13,64900,레드,,MAX
5886,2,12,64900,블랙,,2.0
5886,3,1,64900,블랙,,MAX
5650,0,2,62000,레드,,2.0
5650,1,1,62000,레드,,MAX
5650,2,8,62000,블랙,,2.0
5650,3,6,62000,블랙,,MAX
5651,0,4,62000,레드,,2.0
5651,1,17,62000,레드,,MAX
5651,2,6,62000,블랙,,2.0
5651,3,15,62000,블랙,,MAX
5652,0,6,62000,레드,,2.0
5652,1,5,62000,레드,,MAX
5652,2,18,62000,블랙,,2.0
5652,3,1,62000,블랙,,MAX
5647,0,13,57000,레드,,2.0
5647,1,13,57000,레드,,MAX
5647,2,7,57000,블랙,,2.0
5647,3,9,57000,블랙,,MAX
5648,0,20,57000,레드,,2.0
5648,1,2,57000,레드,,MAX
5648,2,18,57000,블랙,,2.0
5648,3,7,57000,블랙,,MAX
5649,0,4,57000,레드,,2.0
5649,1,17,57000,레드,,MAX
5649,2,2,57000,브랙,,2.0
5649,3,20,57000,브랙,,MAX
5779,0,4,46000,레드,,2.0
5779,1,16,46000,레드,,MAX
5779,2,9,46000,블랙,,2.0
5779,3,18,46000,블랙,,MAX
6182,0,14,46000,레드,,2.0
6182,1,16,46000,레드,,MAX
6182,2,1,46000,블랙,,2.0
6182,3,16,46000,블랙,,MAX
5646,0,5,46000,레드,,2.0
5646,1,11,46000,레드,,MAX
5646,2,6,46000,블랙,,2.0
5646,3,18,46000,블랙,,MAX
5653,0,4,54000,레드,,2.0
5653,1,15,54000,레드,,MAX
5653,2,5,54000,블랙,,2.0
5653,3,4,54000,블랙,,MAX
6183,0,7,55000,레드,,2.0
6183,1,7,55000,레드,,MAX
6183,2,17,55000,블랙,,2.0
6183,3,18,55000,블랙,,MAX
5654,0,12,55000,레드,,2.0
5654,1,13,55000,레드,,MAX
5654,2,11,55000,블랙,,2.0
5654,3,17,55000,블랙,,MAX
5655,0,5,40000,레드,,2.0
5655,1,16,40000,레드,,MAX
5655,2,12,40000,블랙,,2.0
5655,3,13,40000,블랙,,MAX
5656,0,17,40000,레드,,2.0
5656,1,5,40000,레드,,MAX
5656,2,15,40000,블랙,,2.0
5656,3,14,40000,블랙,,MAX
5658,0,2,40000,레드,,2.0
5658,1,9,40000,레드,,MAX
5658,2,5,40000,블랙,,2.0
5658,3,12,40000,블랙,,MAX
5657,0,20,48900,레드,,2.0
5657,1,19,48900,레드,,MAX
5657,2,12,48900,블랙,,2.0
5657,3,4,48900,블랙,,MAX
5645,0,11,30000,레드,,2.0
5645,1,11,30000,레드,,MAX
5645,2,8,30000,블랙,,2.0
5645,3,8,30000,블랙,,MAX
6184,0,1,20000,레드,,MAX
6184,1,13,20000,블랙,,MAX
6041,0,6,249000,,,ST
6041,1,19,249000,,,FL
6093,0,4,59000,,,러버부착발송
6191,0,15,279000,,,선택안함
6191,1,18,309000,,,오렌지
6191,2,10,309000,,,블랙
6191,3,3,309000,,,라임그린
6191,4,11,309000,,,블루
6191,5,8,309000,,,로즈
6191,6,16,279000,,,선택안함
6191,7,11,309000,,,오렌지
6191,8,13,309000,,,블랙
6191,9,3,309000,,,라임그린
6191,10,9,309000,,,블루
6191,11,13,309000,,,로즈
6165,0,12,189000,,,ST타입
6165,1,7,189000,,,FL타입
6166,0,19,229000,,,ST타입
6180,0,15,59000,A.블루,3XS(75),
6180,1,16,59000,A.블루,2XS(80),
6180,2,19,59000,A.블루,XS(85),
6180,3,6,59000,A.블루,S(90),
6180,4,13,59000,A.블루,M(95),
6180,5,3,59000,A.블루,L(100),
6180,6,15,59000,A.블루,XL(105),
6180,7,17,59000,A.블루,2XL(110),
6180,8,12,59000,A.블루,3XL(115),
6180,9,10,59000,네이비,3XS(75),
6180,10,10,59000,네이비,2XS(80),
6180,11,4,59000,네이비,XS(85),
6180,12,8,59000,네이비,S(90),
6180,13,8,59000,네이비,M(95),
6180,14,5,59000,네이비,L(100),
6180,15,13,59000,네이비,XL(105),
6180,16,2,59000,네이비,2XL(110),
6180,17,1,59000,네이비,3XL(115),
6180,18,6,59000,옐로우,3XS(75),
6180,19,2,59000,옐로우,2XS(80),
6180,20,14,59000,옐로우,XS(85),
6180,21,13,59000,옐로우,S(90),
6180,22,17,59000,옐로우,M(95),
6180,23,4,59000,옐로우,L(100),
6180,24,16,59000,옐로우,XL(105),
6180,25,3,59000,옐로우,2XL(110),
6180,26,19,59000,옐로우,3XL(115),
6178,0,17,79000,네온퍼플,3XS(75),
6178,1,0,79000,네온퍼플,2XS(80),
6178,2,13,79000,네온퍼플,XS(85),
6178,3,14,79000,네온퍼플,S(90),
6178,4,20,79000,네온퍼플,M(95),
6178,5,4,79000,네온퍼플,L(100),
6178,6,14,79000,네온퍼플,XL(105),
6178,7,17,79000,네온퍼플,2XL(110),
6178,8,18,79000,네온퍼플,3XL(115),
6178,9,15,79000,네온블루,3XS(75),
6178,10,2,79000,네온블루,2XS(80),
6178,11,14,79000,네온블루,XS(85),
6178,12,9,79000,네온블루,S(90),
6178,13,12,79000,네온블루,M(95),
6178,14,3,79000,네온블루,L(100),
6178,15,5,79000,네온블루,XL(105),
6178,16,8,79000,네온블루,2XL(110),
6178,17,2,79000,네온블루,3XL(115),
6178,18,13,79000,라이트블루,3XS(75),
6178,19,19,79000,라이트블루,2XS(80),
6178,20,13,79000,라이트블루,XS(85),
6178,21,19,79000,라이트블루,S(90),
6178,22,6,79000,라이트블루,M(95),
6178,23,8,79000,라이트블루,L(100),
6178,24,15,79000,라이트블루,XL(105),
6178,25,15,79000,라이트블루,2XL(110),
6178,26,20,79000,라이트블루,3XL(115),
6177,0,3,64000,레드,3XS(75),
6177,1,19,64000,레드,2XS(80),
6177,2,2,64000,레드,XS(85),
6177,3,5,64000,레드,S(90),
6177,4,20,64000,레드,M(95),
6177,5,3,64000,레드,L(100),
6177,6,11,64000,레드,XL(105),
6177,7,14,64000,레드,2XL(110),
6177,8,16,64000,레드,3XL(115),
6177,9,13,64000,옐로우,3XS(75),
6177,10,9,64000,옐로우,2XS(80),
6177,11,15,64000,옐로우,XS(85),
6177,12,11,64000,옐로우,S(90),
6177,13,1,64000,옐로우,M(95),
6177,14,16,64000,옐로우,L(100),
6177,15,17,64000,옐로우,XL(105),
6177,16,11,64000,옐로우,2XL(110),
6177,17,4,64000,옐로우,3XL(115),
6176,0,10,69000,네이비,3XS(75),
6176,1,8,69000,네이비,2XS(80),
6176,2,8,69000,네이비,XS(85),
6176,3,15,69000,네이비,S(90),
6176,4,15,69000,네이비,M(95),
6176,5,5,69000,네이비,L(100),
6176,6,12,69000,네이비,XL(105),
6176,7,8,69000,네이비,2XL(110),
6176,8,5,69000,네이비,3XL(115),
6176,9,8,69000,베이지,3XS(75),
6176,10,6,69000,베이지,2XS(80),
6176,11,13,69000,베이지,XS(85),
6176,12,8,69000,베이지,S(90),
6176,13,12,69000,베이지,M(95),
6176,14,6,69000,베이지,L(100),
6176,15,14,69000,베이지,XL(105),
6176,16,15,69000,베이지,2XL(110),
6176,17,8,69000,베이지,3XL(115),
6175,0,9,49000,네이비,3XS(75),
6175,1,8,49000,네이비,2XS(80),
6175,2,20,49000,네이비,XS(85),
6175,3,16,49000,네이비,S(90),
6175,4,17,49000,네이비,M(95),
6175,5,9,49000,네이비,L(100),
6175,6,2,49000,네이비,XL(105),
6175,7,14,49000,네이비,2XL(110),
6175,8,5,49000,네이비,3XL(115),
6175,9,19,49000,블랙,3XS(75),
6175,10,11,49000,블랙,2XS(80),
6175,11,9,49000,블랙,XS(85),
6175,12,13,49000,블랙,S(90),
6175,13,13,49000,블랙,M(95),
6175,14,10,49000,블랙,L(100),
6175,15,1,49000,블랙,XL(105),
6175,16,10,49000,블랙,2XL(110),
6175,17,3,49000,블랙,3XL(115),
6174,0,0,69000,핑크,3XS(75),
6174,1,3,69000,핑크,2XS(80),
6174,2,6,69000,핑크,XS(85),
6174,3,0,69000,핑크,S(90),
6174,4,0,69000,핑크,M(95),
6174,5,0,69000,핑크,L(100),
6174,6,0,69000,핑크,XL(105),
6174,7,0,69000,핑크,2XL(110),
6174,8,0,69000,핑크,3XL(115),
6174,9,0,69000,민트,3XS(75),
6174,10,4,69000,민트,2XS(80),
6174,11,20,69000,민트,XS(85),
6174,12,10,69000,민트,S(90),
6174,13,17,69000,민트,M(95),
6174,14,0,69000,민트,L(100),
6174,15,0,69000,민트,XL(105),
6174,16,0,69000,민트,2XL(110),
6174,17,0,69000,민트,3XL(115),
6173,0,9,49000,라임그린,3XS(75),
6173,1,1,49000,라임그린,2XS(80),
6173,2,12,49000,라임그린,XS(85),
6173,3,4,49000,라임그린,S(90),
6173,4,11,49000,라임그린,M(95),
6173,5,11,49000,라임그린,L(100),
6173,6,17,49000,라임그린,XL(105),
6173,7,17,49000,라임그린,2XL(110),
6173,8,13,49000,라임그린,3XL(115),
6173,9,20,49000,레드,3XS(75),
6173,10,20,49000,레드,2XS(80),
6173,11,16,49000,레드,XS(85),
6173,12,17,49000,레드,S(90),
6173,13,19,49000,레드,M(95),
6173,14,4,49000,레드,L(100),
6173,15,19,49000,레드,XL(105),
6173,16,4,49000,레드,2XL(110),
6173,17,2,49000,레드,3XL(115),
6172,0,18,49000,네이비핑크,3XS(75),
6172,1,13,49000,네이비핑크,2XS(80),
6172,2,7,49000,네이비핑크,XS(85),
6172,3,5,49000,네이비핑크,S(90),
6172,4,19,49000,네이비핑크,M(95),
6172,5,15,49000,네이비핑크,L(100),
6172,6,6,49000,네이비핑크,XL(105),
6172,7,15,49000,네이비핑크,2XL(110),
6172,8,17,49000,네이비핑크,3XL(115),
6172,9,13,49000,퍼플,3XS(75),
6172,10,7,49000,퍼플,2XS(80),
6172,11,16,49000,퍼플,XS(85),
6172,12,6,49000,퍼플,S(90),
6172,13,14,49000,퍼플,M(95),
6172,14,20,49000,퍼플,L(100),
6172,15,3,49000,퍼플,XL(105),
6172,16,9,49000,퍼플,2XL(110),
6172,17,1,49000,퍼플,3XL(115),
6170,0,17,45000,블루,3XS(75),
6170,1,8,45000,블루,2XS(80),
6170,2,3,45000,블루,XS(85),
6170,3,20,45000,블루,S(90),
6170,4,3,45000,블루,M(95),
6170,5,9,45000,블루,L(100),
6170,6,4,45000,블루,XL(105),
6170,7,3,45000,블루,2XL(110),
6170,8,17,45000,블루,3XL(115),
6170,9,3,45000,네이비,3XS(75),
6170,10,7,45000,네이비,2XS(80),
6170,11,11,45000,네이비,XS(85),
6170,12,10,45000,네이비,S(90),
6170,13,12,45000,네이비,M(95),
6170,14,4,45000,네이비,L(100),
6170,15,9,45000,네이비,XL(105),
6170,16,11,45000,네이비,2XL(110),
6170,17,6,45000,네이비,3XL(115),
6169,0,8,35000,블루,3XS(75),
6169,1,10,35000,블루,2XS(80),
6169,2,19,35000,블루,XS(85),
6169,3,18,35000,블루,S(90),
6169,4,11,35000,블루,M(95),
6169,5,8,35000,블루,L(100),
6169,6,1,35000,블루,XL(105),
6169,7,13,35000,블루,2XL(110),
6169,8,2,35000,블루,3XL(115),
6169,9,11,35000,핑크,3XS(75),
6169,10,5,35000,핑크,2XS(80),
6169,11,9,35000,핑크,XS(85),
6169,12,4,35000,핑크,S(90),
6169,13,16,35000,핑크,M(95),
6169,14,6,35000,핑크,L(100),
6169,15,12,35000,핑크,XL(105),
6169,16,7,35000,핑크,2XL(110),
6169,17,15,35000,핑크,3XL(115),
6169,18,13,35000,차콜,3XS(75),
6169,19,1,35000,차콜,2XS(80),
6169,20,16,35000,차콜,XS(85),
6169,21,20,35000,차콜,S(90),
6169,22,2,35000,차콜,M(95),
6169,23,10,35000,차콜,L(100),
6169,24,8,35000,차콜,XL(105),
6169,25,5,35000,차콜,2XL(110),
6169,26,13,35000,차콜,3XL(115),
6168,0,2,45000,블루,3XS(75),
6168,1,13,45000,블루,2XS(80),
6168,2,7,45000,블루,XS(85),
6168,3,1,45000,블루,S(90),
6168,4,8,45000,블루,M(95),
6168,5,17,45000,블루,L(100),
6168,6,11,45000,블루,XL(105),
6168,7,18,45000,블루,2XL(110),
6168,8,15,45000,블루,3XL(115),
6168,9,20,45000,라임,3XS(75),
6168,10,7,45000,라임,2XS(80),
6168,11,5,45000,라임,XS(85),
6168,12,3,45000,라임,S(90),
6168,13,19,45000,라임,M(95),
6168,14,17,45000,라임,L(100),
6168,15,7,45000,라임,XL(105),
6168,16,16,45000,라임,2XL(110),
6168,17,15,45000,라임,3XL(115),
6168,18,15,45000,그레이,3XS(75),
6168,19,14,45000,그레이,2XS(80),
6168,20,16,45000,그레이,XS(85),
6168,21,14,45000,그레이,S(90),
6168,22,14,45000,그레이,M(95),
6168,23,2,45000,그레이,L(100),
6168,24,5,45000,그레이,XL(105),
6168,25,10,45000,그레이,2XL(110),
6168,26,3,45000,그레이,3XL(115),
6000,0,9,33900,블루,2XS(80),
6000,1,10,33900,블루,XS(85),
6000,2,11,33900,블루,S(90),
6000,3,16,33900,블루,M(95),
6000,4,6,33900,블루,L(100),
6000,5,5,33900,블루,XL(105),
6000,6,2,33900,블루,2XL(110),
6000,7,3,33900,레드,2XS(80),
6000,8,18,33900,레드,XS(85),
6000,9,3,33900,레드,S(90),
6000,10,8,33900,레드,M(95),
6000,11,2,33900,레드,L(100),
6000,12,7,33900,레드,XL(105),
6000,13,15,33900,레드,2XL(110),
6000,14,14,33900,그린,2XS(80),
6000,15,17,33900,그린,XS(85),
6000,16,6,33900,그린,S(90),
6000,17,16,33900,그린,M(95),
6000,18,3,33900,그린,L(100),
6000,19,6,33900,그린,XL(105),
6000,20,17,33900,그린,2XL(110),
5908,0,0,41900,BLACK,2XS(80),
5908,1,0,41900,BLACK,XS(85),
5908,2,0,41900,BLACK,S(90),
5908,3,0,41900,BLACK,M(95),
5908,4,0,41900,BLACK,L(100),
5908,5,0,41900,BLACK,XL(105),
5908,6,0,41900,BLACK,2XL(110),
5908,7,0,41900,NAVY,2XS(80),
5908,8,0,41900,NAVY,XS(85),
5908,9,0,41900,NAVY,S(90),
5908,10,0,41900,NAVY,M(95),
5908,11,0,41900,NAVY,L(100),
5908,12,0,41900,NAVY,XL(105),
5908,13,0,41900,NAVY,2XL(110),
5907,0,16,41900,BLACK,2XS(80),
5907,1,6,41900,BLACK,XS(85),
5907,2,10,41900,BLACK,S(90),
5907,3,18,41900,BLACK,M(95),
5907,4,14,41900,BLACK,L(100),
5907,5,18,41900,BLACK,XL(105),
5907,6,8,41900,BLACK,2XL(110),
5907,7,0,41900,R.BLUE,2XS(80),
5907,8,0,41900,R.BLUE,XS(85),
5907,9,0,41900,R.BLUE,S(90),
5907,10,0,41900,R.BLUE,M(95),
5907,11,0,41900,R.BLUE,L(100),
5907,12,0,41900,R.BLUE,XL(105),
5907,13,0,41900,R.BLUE,2XL(110),
5907,14,0,41900,NAVY,2XS(80),
5907,15,0,41900,NAVY,XS(85),
5907,16,0,41900,NAVY,S(90),
5907,17,0,41900,NAVY,M(95),
5907,18,0,41900,NAVY,L(100),
5907,19,0,41900,NAVY,XL(105),
5907,20,0,41900,NAVY,2XL(110),
5906,0,5,41900,LIME,2XS(80),
5906,1,14,41900,LIME,XS(85),
5906,2,15,41900,LIME,S(90),
5906,3,3,41900,LIME,M(95),
5906,4,19,41900,LIME,L(100),
5906,5,2,41900,LIME,XL(105),
5906,6,8,41900,LIME,2XL(110),
5906,7,0,41900,ORANGE,2XS(80),
5906,8,0,41900,ORANGE,XS(85),
5906,9,0,41900,ORANGE,S(90),
5906,10,0,41900,ORANGE,M(95),
5906,11,0,41900,ORANGE,L(100),
5906,12,0,41900,ORANGE,XL(105),
5906,13,0,41900,ORANGE,2XL(110),
5906,14,0,41900,A.BLUE,2XS(80),
5906,15,0,41900,A.BLUE,XS(85),
5906,16,0,41900,A.BLUE,S(90),
5906,17,0,41900,A.BLUE,M(95),
5906,18,0,41900,A.BLUE,L(100),
5906,19,0,41900,A.BLUE,XL(105),
5906,20,0,41900,A.BLUE,2XL(110),
5906,21,0,41900,PINK,2XS(80),
5906,22,0,41900,PINK,XS(85),
5906,23,3,41900,PINK,S(90),
5906,24,0,41900,PINK,M(95),
5906,25,12,41900,PINK,L(100),
5906,26,0,41900,PINK,XL(105),
5906,27,0,41900,PINK,2XL(110),
5904,0,11,48900,ORANGE,2XS(80),
5904,1,17,48900,ORANGE,XS(85),
5904,2,14,48900,ORANGE,S(90),
5904,3,10,48900,ORANGE,M(95),
5904,4,9,48900,ORANGE,L(100),
5904,5,12,48900,ORANGE,XL(105),
5904,6,8,48900,ORANGE,2XL(110),
5904,7,7,48900,LIME,2XS(80),
5904,8,15,48900,LIME,XS(85),
5904,9,19,48900,LIME,S(90),
5904,10,6,48900,LIME,M(95),
5904,11,12,48900,LIME,L(100),
5904,12,10,48900,LIME,XL(105),
5904,13,4,48900,LIME,2XL(110),
5904,14,7,48900,A.BLUE,2XS(80),
5904,15,5,48900,A.BLUE,XS(85),
5904,16,18,48900,A.BLUE,S(90),
5904,17,9,48900,A.BLUE,M(95),
5904,18,9,48900,A.BLUE,L(100),
5904,19,14,48900,A.BLUE,XL(105),
5904,20,20,48900,A.BLUE,2XL(110),
5904,21,5,48900,WINE,2XS(80),
5904,22,13,48900,WINE,XS(85),
5904,23,1,48900,WINE,S(90),
5904,24,15,48900,WINE,M(95),
5904,25,16,48900,WINE,L(100),
5904,26,4,48900,WINE,XL(105),
5904,27,14,48900,WINE,2XL(110),
5902,0,9,58900,NAVY,2XS(80),
5902,1,5,58900,NAVY,XS(85),
5902,2,20,58900,NAVY,S(90),
5902,3,6,58900,NAVY,M(95),
5902,4,11,58900,NAVY,L(100),
5902,5,15,58900,NAVY,XL(105),
5902,6,11,58900,NAVY,2XL(110),
5902,7,11,58900,P.GREEN,2XS(80),
5902,8,20,58900,P.GREEN,XS(85),
5902,9,12,58900,P.GREEN,S(90),
5902,10,12,58900,P.GREEN,M(95),
5902,11,3,58900,P.GREEN,L(100),
5902,12,16,58900,P.GREEN,XL(105),
5902,13,13,58900,P.GREEN,2XL(110),
5902,14,9,58900,PINK,2XS(80),
5902,15,8,58900,PINK,XS(85),
5902,16,17,58900,PINK,S(90),
5902,17,14,58900,PINK,M(95),
5902,18,16,58900,PINK,L(100),
5902,19,20,58900,PINK,XL(105),
5902,20,16,58900,PINK,2XL(110),
5902,21,18,58900,A.BLUE,2XS(80),
5902,22,11,58900,A.BLUE,XS(85),
5902,23,17,58900,A.BLUE,S(90),
5902,24,1,58900,A.BLUE,M(95),
5902,25,18,58900,A.BLUE,L(100),
5902,26,1,58900,A.BLUE,XL(105),
5902,27,9,58900,A.BLUE,2XL(110),
5901,0,9,48900,PURPLE,2XS(80),
5901,1,8,48900,PURPLE,XS(85),
5901,2,13,48900,PURPLE,S(90),
5901,3,19,48900,PURPLE,M(95),
5901,4,12,48900,PURPLE,L(100),
5901,5,5,48900,PURPLE,XL(105),
5901,6,4,48900,PURPLE,2XL(110),
5901,7,3,48900,WINE,2XS(80),
5901,8,11,48900,WINE,XS(85),
5901,9,15,48900,WINE,S(90),
5901,10,6,48900,WINE,M(95),
5901,11,17,48900,WINE,L(100),
5901,12,7,48900,WINE,XL(105),
5901,13,15,48900,WINE,2XL(110),
5901,14,19,48900,NAVY,2XS(80),
5901,15,2,48900,NAVY,XS(85),
5901,16,12,48900,NAVY,S(90),
5901,17,17,48900,NAVY,M(95),
5901,18,6,48900,NAVY,L(100),
5901,19,16,48900,NAVY,XL(105),
5901,20,17,48900,NAVY,2XL(110),
6252,0,9,99000,네이비,230,
6252,1,4,99000,네이비,235,
6252,2,13,99000,네이비,240,
6252,3,12,99000,네이비,245,
6252,4,6,99000,네이비,250,
6252,5,11,99000,네이비,255,
6252,6,15,99000,네이비,260,
6252,7,12,99000,네이비,265,
6252,8,4,99000,네이비,270,
6252,9,7,99000,네이비,275,
6252,10,17,99000,네이비,280,
6252,11,4,99000,네이비,285,
6252,12,16,99000,네이비,290,
6252,13,13,99000,네이비,295,
6252,14,3,99000,네이비,300,
6252,15,4,99000,화이트,215,
6252,16,4,99000,화이트,220,
6252,17,1,99000,화이트,225,
6252,18,5,99000,화이트,230,
6252,19,16,99000,화이트,235,
6252,20,12,99000,화이트,240,
6252,21,13,99000,화이트,245,
6252,22,4,99000,화이트,250,
6252,23,2,99000,화이트,255,
6252,24,7,99000,화이트,260,
6252,25,2,99000,화이트,265,
6252,26,13,99000,화이트,270,
6252,27,13,99000,화이트,275,
6252,28,19,99000,화이트,280,
6252,29,2,99000,화이트,285,
6252,30,11,99000,화이트,290,
6252,31,19,99000,마젠타,230,
6252,32,4,99000,마젠타,235,
6252,33,1,99000,마젠타,240,
6252,34,15,99000,마젠타,245,
6252,35,11,99000,마젠타,250,
6252,36,13,99000,마젠타,255,
6252,37,1,99000,마젠타,260,
6252,38,11,99000,마젠타,265,
6252,39,3,99000,마젠타,270,
6252,40,19,99000,마젠타,275,
6252,41,3,99000,마젠타,280,
6252,42,4,99000,마젠타,285,
6252,43,6,99000,마젠타,290,
6023,0,6,99000,옐로우라임,230,
6023,1,2,99000,옐로우라임,235,
6023,2,10,99000,옐로우라임,240,
6023,3,9,99000,옐로우라임,245,
6023,4,12,99000,옐로우라임,250,
6023,5,10,99000,옐로우라임,255,
6023,6,1,99000,옐로우라임,260,
6023,7,9,99000,옐로우라임,265,
6023,8,7,99000,옐로우라임,270,
6023,9,7,99000,옐로우라임,275,
6023,10,8,99000,옐로우라임,280,
6023,11,12,99000,옐로우라임,285,
6023,12,9,99000,옐로우라임,290,
6022,0,5,99000,핑크,215,
6022,1,18,99000,핑크,220,
6022,2,7,99000,핑크,225,
6022,3,3,99000,핑크,230,
6022,4,5,99000,핑크,235,
6022,5,2,99000,핑크,240,
6022,6,17,99000,핑크,245,
6022,7,6,99000,핑크,250,
6021,0,18,99000,네이비레드,250,
6021,1,3,99000,네이비레드,255,
6021,2,14,99000,네이비레드,260,
6021,3,5,99000,네이비레드,265,
6021,4,19,99000,네이비레드,270,
6021,5,16,99000,네이비레드,275,
6021,6,18,99000,네이비레드,280,
6021,7,18,99000,네이비레드,285,
6021,8,20,99000,네이비레드,290,
6021,9,14,99000,네이비레드,295,
6021,10,7,99000,네이비레드,300,
6020,0,14,99000,라임네이비,230,
6020,1,10,99000,라임네이비,235,
6020,2,16,99000,라임네이비,240,
6020,3,14,99000,라임네이비,245,
6020,4,8,99000,라임네이비,250,
6020,5,17,99000,라임네이비,255,
6020,6,18,99000,라임네이비,260,
6020,7,3,99000,라임네이비,265,
6020,8,4,99000,라임네이비,270,
6020,9,15,99000,라임네이비,275,
6020,10,20,99000,라임네이비,280,
6020,11,5,99000,라임네이비,285,
6020,12,9,99000,라임네이비,290,
6019,0,8,99000,화이트퍼플,230,
6019,1,19,99000,화이트퍼플,235,
6019,2,0,99000,화이트퍼플,240,
6019,3,11,99000,화이트퍼플,245,
6019,4,4,99000,화이트퍼플,250,
6019,5,8,99000,화이트퍼플,255,
6019,6,17,99000,화이트퍼플,260,
6019,7,9,99000,화이트퍼플,265,
6019,8,1,99000,화이트퍼플,270,
6019,9,7,99000,화이트퍼플,275,
6019,10,11,99000,화이트퍼플,280,
6019,11,5,99000,화이트퍼플,285,
6019,12,6,99000,화이트퍼플,290,
6018,0,6,99000,화이트네이비,230,
6018,1,10,99000,화이트네이비,235,
6018,2,17,99000,화이트네이비,240,
6018,3,9,99000,화이트네이비,245,
6018,4,6,99000,화이트네이비,250,
6018,5,8,99000,화이트네이비,255,
6018,6,9,99000,화이트네이비,260,
6018,7,15,99000,화이트네이비,265,
6018,8,17,99000,화이트네이비,270,
6018,9,9,99000,화이트네이비,275,
6018,10,11,99000,화이트네이비,280,
6018,11,14,99000,화이트네이비,285,
6018,12,20,99000,화이트네이비,290,
6018,13,8,99000,화이트네이비,295,
6018,14,13,99000,화이트네이비,300,
6018,15,5,99000,화이트네이비,305,
6017,0,7,99000,화이트네이비,230,
6017,1,15,99000,화이트네이비,235,
6017,2,19,99000,화이트네이비,240,
6017,3,2,99000,화이트네이비,245,
6017,4,2,99000,화이트네이비,250,
6017,5,16,99000,화이트네이비,255,
6017,6,9,99000,화이트네이비,260,
6017,7,19,99000,화이트네이비,265,
6017,8,14,99000,화이트네이비,270,
6017,9,3,99000,화이트네이비,275,
6017,10,6,99000,화이트네이비,280,
6017,11,6,99000,화이트네이비,285,
6017,12,7,99000,화이트네이비,290,
6017,13,15,99000,화이트네이비,295,
6017,14,4,99000,화이트네이비,300,
6017,15,8,99000,화이트네이비,305,
6017,16,7,99000,화이트퍼플,215,
6017,17,1,99000,화이트퍼플,220,
6017,18,3,99000,화이트퍼플,225,
6017,19,12,99000,화이트퍼플,230,
6017,20,16,99000,화이트퍼플,235,
6017,21,12,99000,화이트퍼플,240,
6017,22,4,99000,화이트퍼플,245,
6017,23,2,99000,화이트퍼플,250,
6017,24,1,99000,화이트퍼플,255,
6017,25,13,99000,화이트퍼플,260,
6017,26,15,99000,화이트퍼플,265,
6017,27,20,99000,화이트퍼플,270,
6017,28,9,99000,화이트퍼플,275,
6017,29,19,99000,화이트퍼플,280,
6017,30,10,99000,화이트퍼플,285,
6017,31,6,99000,화이트퍼플,290,
6017,32,20,99000,라임네이비,230,
6017,33,13,99000,라임네이비,235,
6017,34,6,99000,라임네이비,240,
6017,35,8,99000,라임네이비,245,
6017,36,10,99000,라임네이비,250,
6017,37,2,99000,라임네이비,255,
6017,38,12,99000,라임네이비,260,
6017,39,5,99000,라임네이비,265,
6017,40,7,99000,라임네이비,270,
6017,41,9,99000,라임네이비,275,
6017,42,4,99000,라임네이비,280,
6017,43,12,99000,라임네이비,285,
6017,44,11,99000,라임네이비,290,
6017,45,5,99000,네이비레드,250,
6017,46,7,99000,네이비레드,255,
6017,47,5,99000,네이비레드,260,
6017,48,20,99000,네이비레드,265,
6017,49,2,99000,네이비레드,270,
6017,50,8,99000,네이비레드,275,
6017,51,15,99000,네이비레드,280,
6017,52,18,99000,네이비레드,285,
6017,53,11,99000,네이비레드,290,
6017,54,5,99000,네이비레드,295,
6017,55,3,99000,네이비레드,300,
6017,56,8,99000,네이비레드,305,
6017,57,2,99000,핑크,215,
6017,58,12,99000,핑크,220,
6017,59,4,99000,핑크,225,
6017,60,11,99000,핑크,230,
6017,61,8,99000,핑크,235,
6017,62,10,99000,핑크,240,
6017,63,8,99000,핑크,245,
6017,64,2,99000,핑크,250,
6017,65,1,99000,옐로우라임,230,
6017,66,8,99000,옐로우라임,235,
6017,67,4,99000,옐로우라임,240,
6017,68,4,99000,옐로우라임,245,
6017,69,14,99000,옐로우라임,250,
6017,70,13,99000,옐로우라임,255,
6017,71,1,99000,옐로우라임,260,
6017,72,13,99000,옐로우라임,265,
6017,73,11,99000,옐로우라임,270,
6017,74,9,99000,옐로우라임,275,
6017,75,4,99000,옐로우라임,280,
6017,76,16,99000,옐로우라임,285,
6017,77,12,99000,옐로우라임,290,
5850,0,17,77900,블랙실버,225,
5850,1,14,77900,블랙실버,230,
5850,2,19,77900,블랙실버,235,
5850,3,12,77900,블랙실버,240,
5850,4,2,77900,블랙실버,245,
5850,5,12,77900,블랙실버,250,
5850,6,2,77900,블랙실버,255,
5849,0,2,77900,블랙골드,225,
5849,1,5,77900,블랙골드,230,
5849,2,17,77900,블랙골드,235,
5849,3,2,77900,블랙골드,240,
5849,4,3,77900,블랙골드,245,
5849,5,8,77900,블랙골드,250,
5849,6,13,77900,블랙골드,255,
5849,7,0,77900,블랙골드,260,
5849,8,0,77900,블랙골드,265,
5849,9,0,77900,블랙골드,270,
5849,10,0,77900,블랙골드,275,
5849,11,0,77900,블랙골드,280,
5849,12,0,77900,블랙골드,285,
6161,0,2,1790000,,유소년용,문의후 주문가능 1899-1794
6161,1,3,1790000,,성인용,문의후 주문가능 1899-1794
6162,0,2,2440000,,유소년용,서울/경기권
6162,1,17,2290000,,유소년용,기타지역(문의주세요 T.1899-1794)
6162,2,1,2840000,,성인용,서울/경기권
6162,3,9,2290000,,성인용,기타지역(문의주세요 T.1899-1794)
6163,0,5,2440000,,유소년용,서울/경기권
6163,1,5,2290000,,유소년용,기타지역(문의주세요 T.1899-1794)
6163,2,1,2840000,,성인용,서울/경기권
6163,3,12,2290000,,성인용,기타지역(문의주세요 T.1899-1794)
5803,0,5,89000,,,낱개(1개입)
5804,0,10,119000,,,낱개(1개입)
5378,0,5,1790000,,,문의후 주문가능 1899-1794
5377,0,12,1790000,,,문의후 주문가능 1899-1794
4097,0,8,129000,,,
5946,0,20,82000,,,
5947,0,19,92000,,,
5948,0,11,69000,,,
5949,0,12,155000,,,
5950,0,6,185000,,,
6032,0,16,2990000,,,전화후 주문가능(T.031-613-9037)
6123,0,12,125000,,,
6164,0,12,595000,,1200*1000(mm),착불
6164,1,4,645000,,1500*1000(mm),착불
5669,0,2,895000,,,배송비 착불
5669,1,13,895000,,,배송비 선불(문의후 주문가능 1899-1794)
5877,0,5,1490000,,,배송비 착불
5877,1,4,1490000,,,배송비 선불(문의후 주문가능 1899-1794)
5877,2,18,1690000,,,배송비 착불
5877,3,8,1690000,,,배송비 선불(문의후 주문가능 1899-1794)
5378,0,9,1790000,,,문의후 주문가능 1899-1794
5377,0,10,1790000,,,문의후 주문가능 1899-1794
5387,0,18,1490000,,,배송비별도(문의:1899-1794)
5331,0,18,2980000,,,배송비별도(문의:1899-1794)
5334,0,20,1890000,,,배송비별도(문의:1899-1794)
5337,0,18,1890000,,,배송비별도(문의:1899-1794)
5329,0,20,3490000,,,배송비별도(문의:1899-1794)
5346,0,12,849000,,,배송비별도(문의:1899-1794)
5351,0,7,1830000,,,배송비별도(문의:1899-1794)
5608,0,16,312500,,,
6032,0,19,2990000,,,전화후 주문가능(T.031-613-9037)
5820,0,7,329000,,,시내권
5820,1,3,359000,,,제주도
4086,0,11,370000,,,배송비20000원
3942,0,12,660000,,,6만원(별도)
5382,0,9,529000,,,배송비별도(문의:1899-1794)
5761,0,11,329000,,,시내권
5761,1,10,359000,,,제주도
5761,2,18,329000,,,시내권
5761,3,8,359000,,,제주도
5844,0,15,295000,,,
5966,0,0,11200,,,
6038,0,5,189000,,,시내권
6038,1,18,219000,,,제주도및도서산간
6038,2,17,201000,,,시내권
6038,3,16,231000,,,제주도및도서산간
6038,4,14,201000,,,시내권
6038,5,6,231000,,,제주도및도서산간
6039,0,9,279000,,,시내권
6039,1,9,319000,,,제주도및도서산간
6039,2,8,291000,,,시내권
6039,3,5,331000,,,제주도및도서산간
6039,4,20,291000,,,시내권
6039,5,13,331000,,,제주도및도서산간
6039,6,10,299000,,,시내권
6039,7,20,339000,,,제주도및도서산간
6063,0,14,229000,,,시내권
6063,1,4,259000,,,제주도및도서산간
6063,2,8,241000,,,시내권
6063,3,8,271000,,,제주도및도서산간
6063,4,5,241000,,,시내권
6063,5,4,271000,,,제주도및도서산간
6064,0,16,259000,,,시내권
6064,1,10,289000,,,제주도및도서산간
6064,2,16,271000,,,시내권
6064,3,10,301000,,,제주도및도서산간
6065,0,20,259000,,,시내권
6065,1,7,289000,,,제주도및도서산간
6065,2,8,271000,,,시내권
6065,3,16,301000,,,제주도및도서산간
6066,0,20,279000,,,시내권
6066,1,6,309000,,,제주도및도서산간
6066,2,18,291000,,,시내권
6066,3,16,321000,,,제주도및도서산간
6071,0,18,29000,,,
3957,0,9,520000,,,P0000FWE000C
5359,0,8,539000,,,배송비별도(문의:1899-1794)
5358,0,10,749000,,,배송비별도(문의:1899-1794)
4086,0,5,370000,,,배송비20000원
5761,0,18,329000,,,시내권
5761,1,3,359000,,,제주도
5761,2,11,329000,,,시내권
5761,3,9,359000,,,제주도
6038,0,13,189000,,,시내권
6038,1,11,219000,,,제주도및도서산간
6038,2,9,201000,,,시내권
6038,3,19,231000,,,제주도및도서산간
6038,4,4,201000,,,시내권
6038,5,1,231000,,,제주도및도서산간
6039,0,2,279000,,,시내권
6039,1,6,319000,,,제주도및도서산간
6039,2,18,291000,,,시내권
6039,3,15,331000,,,제주도및도서산간
6039,4,20,291000,,,시내권
6039,5,11,331000,,,제주도및도서산간
6039,6,20,299000,,,시내권
6039,7,5,339000,,,제주도및도서산간
6040,0,15,129000,,,시내권
6040,1,15,159000,,,제주도및도서산간
6063,0,11,229000,,,시내권
6063,1,1,259000,,,제주도및도서산간
6063,2,19,241000,,,시내권
6063,3,2,271000,,,제주도및도서산간
6063,4,3,241000,,,시내권
6063,5,14,271000,,,제주도및도서산간
6067,0,12,279000,,,시내권
6067,1,19,309000,,,제주도및도서산간
6067,2,18,291000,,,시내권
6067,3,7,321000,,,제주도및도서산간
6068,0,5,309000,,,시내권
6068,1,17,339000,,,제주도및도서산간
6068,2,11,321000,,,시내권
6068,3,11,351000,,,제주도및도서산간
6070,0,12,279000,,,시내권
6070,1,3,309000,,,제주도및도서산간
6070,2,20,291000,,,시내권
6070,3,16,321000,,,제주도및도서산간
6119,0,4,30000,,,
6120,0,3,24000,,,
6150,0,3,1750000,,,서울/경기권
6150,1,2,1600000,,,기타지역(문의주세요 T.1899-1794)
6151,0,13,2750000,,,서울/경기권
6151,1,18,2500000,,,기타지역(문의주세요 T.1899-1794)
6152,0,8,3450000,,,서울/경기권
6152,1,16,2950000,,,기타지역(문의주세요 T.1899-1794)
6152,2,10,3750000,,,서울/경기권
6152,3,5,2950000,,,기타지역(문의주세요 T.1899-1794)
6153,0,17,4400000,,,서울/경기권
6153,1,15,3900000,,,기타지역(문의주세요 T.1899-1794)
6153,2,15,4700000,,,서울/경기권
6153,3,7,3900000,,,기타지역(문의주세요 T.1899-1794)
6154,0,8,2100000,,,서울/경기권
6154,1,8,1850000,,,기타지역(문의주세요 T.1899-1794)
6155,0,5,3150000,,,서울/경기권
6155,1,4,2900000,,,기타지역(문의주세요 T.1899-1794)
6157,0,12,4400000,,,서울/경기권
6157,1,1,3900000,,,기타지역(문의주세요 T.1899-1794)
6158,0,17,5400000,,,서울/경기권
6158,1,16,4900000,,,기타지역(문의주세요 T.1899-1794)
6159,0,7,1750000,,,서울/경기권
6159,1,2,1600000,,,기타지역(문의주세요 T.1899-1794)
6082,0,8,2400000,,,전화후 주문가능(T.031-613-9037)
6081,0,11,2700000,,,전화후 주문가능(T.031-613-9037)
6080,0,13,3500000,,,전화후 주문가능(T.031-613-9037)
6079,0,15,5500000,,,전화후 주문가능(T.031-613-9037)
4019,0,3,6000,,,
4018,0,17,15000,,,
5337,0,13,1890000,,,배송비별도(문의:1899-1794)
5336,0,10,1190000,,,배송비별도(문의:1899-1794)
5335,0,14,1390000,,,배송비별도(문의:1899-1794)
5334,0,2,1890000,,,배송비별도(문의:1899-1794)
5333,0,20,2390000,,,배송비별도(문의:1899-1794)
5332,0,13,2490000,,,배송비별도(문의:1899-1794)
5331,0,19,2980000,,,배송비별도(문의:1899-1794)
5330,0,12,2690000,,,배송비별도(문의:1899-1794)
5329,0,10,3490000,,,배송비별도(문의:1899-1794)
5328,0,1,1950000,,,배송비별도(문의:1899-1794)
5353,0,1,1190000,,,배송비별도(문의:1899-1794)
5352,0,3,1070000,,,배송비별도(문의:1899-1794)
5351,0,10,1830000,,,배송비별도(문의:1899-1794)
5350,0,15,470000,,,배송비별도(문의:1899-1794)
5349,0,18,520000,,,배송비별도(문의:1899-1794)
5347,0,3,1120000,,,배송비별도(문의:1899-1794)
5346,0,12,849000,,,배송비별도(문의:1899-1794)
5345,0,19,1070000,,,배송비별도(문의:1899-1794)
6106,0,9,79000,,,
6107,0,1,85000,,,
6108,0,3,39000,,,
6110,0,12,33000,,,
6111,0,15,29000,,,
6113,0,11,35000,,,
5386,0,11,1490000,,,배송비별도(문의:1899-1794)
5385,0,14,1690000,,,배송비별도(문의:1899-1794)
5963,0,17,68000,,,
6114,0,19,75000,,,
6115,0,20,99000,,,
6116,0,3,140000,,,
6117,0,13,160000,,,
6161,0,14,1790000,,유소년용,문의후 주문가능 1899-1794
6161,1,7,1790000,,성인용,문의후 주문가능 1899-1794
6162,0,19,2440000,,유소년용,서울/경기권
6162,1,19,2290000,,유소년용,기타지역(문의주세요 T.1899-1794)
6162,2,13,2840000,,성인용,서울/경기권
6162,3,7,2290000,,성인용,기타지역(문의주세요 T.1899-1794)
6163,0,15,2440000,,유소년용,서울/경기권
6163,1,15,2290000,,유소년용,기타지역(문의주세요 T.1899-1794)
6163,2,7,2840000,,성인용,서울/경기권
6163,3,3,2290000,,성인용,기타지역(문의주세요 T.1899-1794)
5803,0,7,89000,,,낱개(1개입)
5804,0,20,119000,,,낱개(1개입)
5378,0,6,1790000,,,문의후 주문가능 1899-1794
5377,0,13,1790000,,,문의후 주문가능 1899-1794
4097,0,18,129000,,,
5946,0,10,82000,,,
5947,0,12,92000,,,
5948,0,12,69000,,,
5949,0,3,155000,,,
5950,0,20,185000,,,
6032,0,15,2990000,,,전화후 주문가능(T.031-613-9037)
6123,0,19,125000,,,
6164,0,16,595000,,1200*1000(mm),착불
6164,1,16,645000,,1500*1000(mm),착불
5669,0,3,895000,,,배송비 착불
5669,1,6,895000,,,배송비 선불(문의후 주문가능 1899-1794)
5877,0,9,1490000,,,배송비 착불
5877,1,11,1490000,,,배송비 선불(문의후 주문가능 1899-1794)
5877,2,20,1690000,,,배송비 착불
5877,3,5,1690000,,,배송비 선불(문의후 주문가능 1899-1794)
5378,0,2,1790000,,,문의후 주문가능 1899-1794
5377,0,8,1790000,,,문의후 주문가능 1899-1794
5387,0,8,1490000,,,배송비별도(문의:1899-1794)
5331,0,4,2980000,,,배송비별도(문의:1899-1794)
5334,0,14,1890000,,,배송비별도(문의:1899-1794)
5337,0,16,1890000,,,배송비별도(문의:1899-1794)
5329,0,13,3490000,,,배송비별도(문의:1899-1794)
5346,0,19,849000,,,배송비별도(문의:1899-1794)
5351,0,9,1830000,,,배송비별도(문의:1899-1794)
5608,0,13,312500,,,
6032,0,4,2990000,,,전화후 주문가능(T.031-613-9037)
5820,0,13,329000,,,시내권
5820,1,14,359000,,,제주도
4086,0,8,370000,,,배송비20000원
3942,0,12,660000,,,6만원(별도)
5382,0,13,529000,,,배송비별도(문의:1899-1794)
5761,0,9,329000,,,시내권
5761,1,8,359000,,,제주도
5761,2,10,329000,,,시내권
5761,3,8,359000,,,제주도
5844,0,11,295000,,,
5966,0,0,11200,,,
6038,0,16,189000,,,시내권
6038,1,20,219000,,,제주도및도서산간
6038,2,18,201000,,,시내권
6038,3,16,231000,,,제주도및도서산간
6038,4,3,201000,,,시내권
6038,5,9,231000,,,제주도및도서산간
6039,0,7,279000,,,시내권
6039,1,19,319000,,,제주도및도서산간
6039,2,10,291000,,,시내권
6039,3,5,331000,,,제주도및도서산간
6039,4,12,291000,,,시내권
6039,5,10,331000,,,제주도및도서산간
6039,6,15,299000,,,시내권
6039,7,3,339000,,,제주도및도서산간
6063,0,6,229000,,,시내권
6063,1,3,259000,,,제주도및도서산간
6063,2,9,241000,,,시내권
6063,3,19,271000,,,제주도및도서산간
6063,4,1,241000,,,시내권
6063,5,2,271000,,,제주도및도서산간
6064,0,20,259000,,,시내권
6064,1,14,289000,,,제주도및도서산간
6064,2,15,271000,,,시내권
6064,3,19,301000,,,제주도및도서산간
6065,0,8,259000,,,시내권
6065,1,2,289000,,,제주도및도서산간
6065,2,5,271000,,,시내권
6065,3,9,301000,,,제주도및도서산간
6066,0,6,279000,,,시내권
6066,1,8,309000,,,제주도및도서산간
6066,2,4,291000,,,시내권
6066,3,14,321000,,,제주도및도서산간
6071,0,20,29000,,,
3957,0,19,520000,,,P0000FWE000C
5359,0,17,539000,,,배송비별도(문의:1899-1794)
5358,0,19,749000,,,배송비별도(문의:1899-1794)
4086,0,18,370000,,,배송비20000원
5761,0,4,329000,,,시내권
5761,1,5,359000,,,제주도
5761,2,18,329000,,,시내권
5761,3,1,359000,,,제주도
6038,0,4,189000,,,시내권
6038,1,1,219000,,,제주도및도서산간
6038,2,10,201000,,,시내권
6038,3,19,231000,,,제주도및도서산간
6038,4,8,201000,,,시내권
6038,5,9,231000,,,제주도및도서산간
6039,0,18,279000,,,시내권
6039,1,14,319000,,,제주도및도서산간
6039,2,18,291000,,,시내권
6039,3,14,331000,,,제주도및도서산간
6039,4,5,291000,,,시내권
6039,5,13,331000,,,제주도및도서산간
6039,6,20,299000,,,시내권
6039,7,9,339000,,,제주도및도서산간
6040,0,15,129000,,,시내권
6040,1,17,159000,,,제주도및도서산간
6063,0,14,229000,,,시내권
6063,1,19,259000,,,제주도및도서산간
6063,2,12,241000,,,시내권
6063,3,10,271000,,,제주도및도서산간
6063,4,15,241000,,,시내권
6063,5,17,271000,,,제주도및도서산간
6067,0,5,279000,,,시내권
6067,1,5,309000,,,제주도및도서산간
6067,2,5,291000,,,시내권
6067,3,15,321000,,,제주도및도서산간
6068,0,15,309000,,,시내권
6068,1,9,339000,,,제주도및도서산간
6068,2,17,321000,,,시내권
6068,3,5,351000,,,제주도및도서산간
6070,0,7,279000,,,시내권
6070,1,11,309000,,,제주도및도서산간
6070,2,8,291000,,,시내권
6070,3,17,321000,,,제주도및도서산간
6119,0,18,30000,,,
6120,0,19,24000,,,
6150,0,20,1750000,,,서울/경기권
6150,1,15,1600000,,,기타지역(문의주세요 T.1899-1794)
6151,0,7,2750000,,,서울/경기권
6151,1,14,2500000,,,기타지역(문의주세요 T.1899-1794)
6152,0,3,3450000,,,서울/경기권
6152,1,13,2950000,,,기타지역(문의주세요 T.1899-1794)
6152,2,7,3750000,,,서울/경기권
6152,3,5,2950000,,,기타지역(문의주세요 T.1899-1794)
6153,0,13,4400000,,,서울/경기권
6153,1,7,3900000,,,기타지역(문의주세요 T.1899-1794)
6153,2,2,4700000,,,서울/경기권
6153,3,2,3900000,,,기타지역(문의주세요 T.1899-1794)
6154,0,20,2100000,,,서울/경기권
6154,1,12,1850000,,,기타지역(문의주세요 T.1899-1794)
6155,0,1,3150000,,,서울/경기권
6155,1,18,2900000,,,기타지역(문의주세요 T.1899-1794)
6157,0,16,4400000,,,서울/경기권
6157,1,14,3900000,,,기타지역(문의주세요 T.1899-1794)
6158,0,20,5400000,,,서울/경기권
6158,1,8,4900000,,,기타지역(문의주세요 T.1899-1794)
6159,0,14,1750000,,,서울/경기권
6159,1,9,1600000,,,기타지역(문의주세요 T.1899-1794)
6082,0,6,2400000,,,전화후 주문가능(T.031-613-9037)
6081,0,11,2700000,,,전화후 주문가능(T.031-613-9037)
6080,0,17,3500000,,,전화후 주문가능(T.031-613-9037)
6079,0,2,5500000,,,전화후 주문가능(T.031-613-9037)
4019,0,15,6000,,,
4018,0,4,15000,,,
5337,0,17,1890000,,,배송비별도(문의:1899-1794)
5336,0,20,1190000,,,배송비별도(문의:1899-1794)
5335,0,12,1390000,,,배송비별도(문의:1899-1794)
5334,0,6,1890000,,,배송비별도(문의:1899-1794)
5333,0,1,2390000,,,배송비별도(문의:1899-1794)
5332,0,10,2490000,,,배송비별도(문의:1899-1794)
5331,0,20,2980000,,,배송비별도(문의:1899-1794)
5330,0,15,2690000,,,배송비별도(문의:1899-1794)
5329,0,1,3490000,,,배송비별도(문의:1899-1794)
5328,0,5,1950000,,,배송비별도(문의:1899-1794)
5353,0,5,1190000,,,배송비별도(문의:1899-1794)
5352,0,19,1070000,,,배송비별도(문의:1899-1794)
5351,0,8,1830000,,,배송비별도(문의:1899-1794)
5350,0,3,470000,,,배송비별도(문의:1899-1794)
5349,0,16,520000,,,배송비별도(문의:1899-1794)
5347,0,12,1120000,,,배송비별도(문의:1899-1794)
5346,0,19,849000,,,배송비별도(문의:1899-1794)
5345,0,5,1070000,,,배송비별도(문의:1899-1794)
6106,0,1,79000,,,
6107,0,19,85000,,,
6108,0,8,39000,,,
6110,0,17,33000,,,
6111,0,14,29000,,,
6113,0,3,35000,,,
5386,0,13,1490000,,,배송비별도(문의:1899-1794)
5385,0,3,1690000,,,배송비별도(문의:1899-1794)
5963,0,20,68000,,,
6114,0,13,75000,,,
6115,0,15,99000,,,
6116,0,13,140000,,,
6117,0,3,160000,,,
6230,0,1,17900,레드,,
6229,0,11,7900,레드,,
6229,1,4,7900,그린,,
6229,2,16,7900,옐로우,,
6227,0,14,2900,레드,,
6227,1,7,2900,옐로우,,
6227,2,18,2900,그린,,
6227,3,0,2900,블루,,
6222,0,18,7000,레드,,
6222,1,2,7000,오렌지,,
6222,2,17,7000,옐로우,,
6222,3,19,7000,그린,,
6222,4,14,7000,블루,,
6222,5,1,7000,퍼플,,
6220,0,10,19500,,,
6219,0,6,2990,블루,,
6219,1,14,2990,그린,,
6219,2,7,2990,형광옐로우,,
6219,3,20,2990,오렌지,,
6196,0,14,549000,,,시내권
6196,1,8,579000,,,제주도 및 섬지역
6083,0,15,349000,,,
6032,0,4,2990000,,,전화후 주문가능(T.031-613-9037)
5995,0,6,395000,,,
5987,0,16,179000,,,
5819,0,11,49500,,,
5566,0,9,2990,블루,,
5566,1,19,2990,그린,,
5566,2,19,2990,형광옐로우,,
5566,3,1,2990,오렌지,,
5775,0,11,190000,,,
5763,0,6,535000,,,시내권
5763,1,8,575000,,,제주도
5762,0,11,339000,,,시내권
5762,1,6,379000,,,제주도
5711,0,7,45000,,,
3882,0,20,9500,,,
3980,0,9,196000,,,
4214,0,15,14400,,,
3937,0,16,3000,레드,성인용,
3937,1,20,3000,오렌지,성인용,
3937,2,8,3000,옐로우,성인용,
3937,3,3,3000,형광그린,성인용,
3937,4,12,3000,블루,성인용,
3937,5,15,3000,퍼플,성인용,
3937,6,14,3000,핑크,성인용,
3937,7,7,3000,블랙,성인용,
3937,8,15,3000,화이트,성인용,
3936,0,3,3000,레드,유소년,
3936,1,9,3000,오렌지,유소년,
3936,2,3,3000,옐로우,유소년,
3936,3,2,3000,형광그린,유소년,
3936,4,20,3000,블루,유소년,
3936,5,11,3000,퍼플,유소년,
3936,6,0,3000,핑크,유소년,
3936,7,0,3000,블랙,유소년,
3936,8,0,3000,화이트,유소년,
4087,0,4,250000,,소형,
4087,1,11,300000,,대형,
4215,0,20,53500,,,
4003,0,0,14300,,,
4000,0,1,25900,,,
4004,0,18,17900,,,
6243,0,17,39000,,,
6219,0,2,2990,블루,,
6219,1,17,2990,그린,,
6219,2,7,2990,형광옐로우,,
6219,3,7,2990,오렌지,,
6196,0,5,549000,,,시내권
6196,1,6,579000,,,제주도 및 섬지역
6005,0,10,16900,,,
5979,0,6,129000,,,
5833,0,18,339000,,,
5819,0,4,49500,,,
5566,0,10,2990,블루,,
5566,1,3,2990,그린,,
5566,2,17,2990,형광옐로우,,
5566,3,11,2990,오렌지,,
5775,0,15,190000,,,
5767,0,4,179000,,,
4215,0,8,53500,,,
5668,0,16,27900,,,
4193,0,0,7900,,,
4192,0,0,7900,,,
4191,0,0,7900,,,
4190,0,0,7900,,,
4006,0,17,8700,빨강,,
4006,1,9,8700,파랑,,
4006,2,14,8700,노랑,,
4006,3,16,8700,오렌지,,
4006,4,5,8700,녹색,,
4006,5,1,8700,핑크,,
4004,0,16,17900,,,
4003,0,0,14300,,,
4001,0,15,17000,,,
4000,0,18,25900,,,
4228,0,6,98000,,5호(성인시합용),
5943,0,10,79000,흰색,성인용(5호),
5943,1,6,79000,노랑,성인용(5호),
5942,0,4,51000,흰색,성인용(5호),
5942,1,17,51000,노랑,성인용(5호),
5942,2,1,49000,흰색,유소년용(4호),
5942,3,4,49000,노랑,유소년용(4호),
5941,0,17,45000,,성인용(5호),
5941,1,13,45000,,유소년용(4호),
5944,0,16,37000,,성인용(5호),
5944,1,1,37000,,유소년용(4호),
5939,0,12,27900,,유소년용(4호),
5940,0,18,27900,,유소년용(5호),
4100,0,2,38900,,5호(성인시합용),
4100,1,0,38900,,4호(유소년용),
4102,0,18,39400,,5호(성인시합용),
4102,1,7,39400,,4호(유소년용),
5500,0,7,28900,,성인용(5호),
5500,1,14,28900,,유소년용(4호),
3736,0,5,27900,,4호(유소년용),
5863,0,14,16900,그린,5호(성인용),
5863,1,3,16900,실버,5호(성인용),
5863,2,6,16900,오렌지,5호(성인용),
3730,0,9,28900,,5호(성인시합용),
3730,1,4,28900,,4호(유소년용),
3731,0,5,24900,,5호(성인시합용),
3731,1,11,24900,,4호(유소년용),
3732,0,17,18900,,5호(성인시합용),
3732,1,1,18900,,4호(유소년용),
3734,0,4,16900,,5호(성인시합용),
3734,1,3,16900,,4호(유소년용),
4107,0,5,14500,,5호(성인시합용),
4107,1,12,14500,,4호(유소년용),
5501,0,11,14900,,성인용(5호),
5501,1,11,14900,,유소년용(4호),
5539,0,14,27900,,,
3727,0,3,41300,,,
5817,0,11,14900,,3호(아동용),
6244,0,4,45000,,,
6236,0,13,18000,,S,
6235,0,5,26000,,L,
6233,0,5,44000,,M,
6233,1,1,44000,,L,
6232,0,16,5500,,,
6227,0,8,2900,레드,,
6227,1,11,2900,옐로우,,
6227,2,2,2900,그린,,
6227,3,0,2900,블루,,
6225,0,11,16500,,,
6221,0,20,44500,,,
6220,0,3,19500,,,
6217,0,7,44500,,,
6123,0,20,125000,,,
6059,0,20,34000,,,
6036,0,7,162000,,,
6027,0,19,26900,,,전자호각(라임)
6027,1,17,26900,,,전자호각(실버)
6027,2,15,26900,,,전자호각(오렌지 손목타입)
6027,3,4,21900,,,전자호각(오렌지 목걸이타입)
6026,0,2,29500,,,
6013,0,8,6900,,,
6006,0,3,4500,레드,,
6006,1,12,4500,블루,,
6006,2,14,4500,옐로우,,
6006,3,7,4500,화이트,,
6005,0,7,16900,,,
5983,0,0,25900,,M,
5983,1,0,25900,,L,
5980,0,18,15900,,S,
5950,0,13,185000,,,
5949,0,9,155000,,,
5948,0,7,69000,,,
5812,0,0,25000,,,
5804,0,7,119000,,,낱개(1개입)
5803,0,17,89000,,,낱개(1개입)
5764,0,14,129000,,,
6147,0,19,35000,,,
6148,0,13,25000,,,
3754,0,7,45000,,,
3758,0,3,35000,,,
5924,0,5,45000,,,태극족구공
5924,1,15,45000,,,태극족구공(동계용)
5936,0,14,45000,,,
6058,0,8,45000,,,
6104,0,4,59000,,,구매안함
6104,1,9,94000,,,휴대용점수판
3952,0,1,24000,,,
4091,0,7,16000,,,
4090,0,19,26900,,,
3997,0,1,51000,,P0000FXS000L,
3997,1,3,63500,,P0000FXS000M,
3889,0,5,18700,레드,,
3889,1,6,18700,그린,,
3946,0,20,49900,,,
3949,0,1,14500,,,
4092,0,6,11000,,,
3883,0,7,4000,,,
4119,0,20,5200,,,
4115,0,3,7000,블랙,,
4115,1,7,7000,오렌지,,
4096,0,3,7400,,,
5667,0,2,22900,,,
5711,0,18,45000,,,
4093,0,3,8200,블루,,
4093,1,3,8200,오렌지,,
4093,2,0,8200,그레이,,
4088,0,6,71500,,,
4087,0,5,250000,,소형,
4087,1,5,300000,,대형,
3951,0,19,22000,,,
3950,0,13,26900,,,
5718,0,17,9000,,,
3936,0,10,3000,레드,유소년,
3936,1,16,3000,오렌지,유소년,
3936,2,2,3000,옐로우,유소년,
3936,3,14,3000,형광그린,유소년,
3936,4,10,3000,블루,유소년,
3936,5,13,3000,퍼플,유소년,
3936,6,0,3000,핑크,유소년,
3936,7,0,3000,블랙,유소년,
3936,8,0,3000,화이트,유소년,
3881,0,8,6100,,,
3876,0,6,25000,,,
5566,0,17,2990,블루,,
5566,1,8,2990,그린,,
5566,2,10,2990,형광옐로우,,
5566,3,2,2990,오렌지,,
5812,0,0,25000,,,
5813,0,7,24900,,,
5820,0,11,329000,,,시내권
5820,1,10,359000,,,제주도
6136,0,18,35000,,7호(성인시합용),
6137,0,6,35000,,7호(성인시합용),
6138,0,10,22000,,7호(성인시합용),
6138,1,11,22000,,6호(유소년용),
6139,0,10,18500,,7호(성인시합용),
6139,1,9,18500,,6호(유소년용),
6140,0,16,53500,,7호(성인시합용),
6141,0,10,26000,,7호(성인시합용),
6142,0,15,29000,,7호(성인시합용),
6143,0,20,39000,,7호(성인용),
6143,1,8,39000,,6호(여성/유소년용),
6143,2,18,39000,,5호(유치원/초등저학년),
6144,0,15,47000,갈색(7호),,
6144,1,4,47000,아이보리(7호),,
6144,2,9,47000,레드/블루(7호),,
6145,0,16,69000,,7호(성인시합용),
6146,0,4,65000,,7호(성인시합용),
4150,0,8,39900,,7호(성인시합용),
4154,0,16,15900,,7호(성인시합용),
4152,0,18,27000,,7호(성인시합용),
3936,0,5,3000,레드,유소년,
3936,1,15,3000,오렌지,유소년,
3936,2,14,3000,옐로우,유소년,
3936,3,9,3000,형광그린,유소년,
3936,4,9,3000,블루,유소년,
3936,5,5,3000,퍼플,유소년,
3936,6,0,3000,핑크,유소년,
3936,7,0,3000,블랙,유소년,
3936,8,0,3000,화이트,유소년,
3883,0,9,4000,,,
5667,0,17,22900,,,
5711,0,6,45000,,,
5802,0,14,39000,,,
5566,0,16,2990,블루,,
5566,1,14,2990,그린,,
5566,2,20,2990,형광옐로우,,
5566,3,8,2990,오렌지,,
5933,0,2,21000,,,
5935,0,2,26000,,,
6027,0,15,26900,,,전자호각(라임)
6027,1,18,26900,,,전자호각(실버)
6027,2,17,26900,,,전자호각(오렌지 손목타입)
6027,3,7,21900,,,전자호각(오렌지 목걸이타입)
6030,0,14,179000,,,
6219,0,13,2990,블루,,
6219,1,10,2990,그린,,
6219,2,11,2990,형광옐로우,,
6219,3,19,2990,오렌지,,
6222,0,9,7000,레드,,
6222,1,17,7000,오렌지,,
6222,2,13,7000,옐로우,,
6222,3,17,7000,그린,,
6222,4,1,7000,블루,,
6222,5,9,7000,퍼플,,
3882,0,4,9500,,,
3997,0,8,51000,,P0000FXS000L,
3997,1,16,63500,,P0000FXS000M,
5666,0,11,26900,,,
5754,0,11,230000,,,
5765,0,2,39000,,,
5766,0,17,25000,,,
5930,0,5,175000,레드,,
5930,1,0,175000,블루,,
5932,0,8,14000,,,
5934,0,9,16000,,,
6005,0,14,16900,,,
6026,0,12,29500,,,
6036,0,20,162000,,,
6061,0,17,275000,,,
3876,0,20,25000,,,
3881,0,16,6100,,,
5927,0,19,68500,,5호(성인시합용),
5927,1,19,68500,,4호(유소년용),
5928,0,3,75000,,5호(성인시합용),
5929,0,12,44000,,5호(성인시합용),
5929,1,17,44000,,4호(유소년용),
6129,0,8,25000,,5호,
6130,0,4,25000,,5호,
6131,0,20,18000,,5호(성인시합용),
6131,1,3,18000,,4호(유소년용),
6132,0,9,35000,,5호(성인시합용),
6133,0,8,55000,,5호(성인시합용),
6133,1,19,55000,,4호(유소년용),
6134,0,8,33000,,5호(성인시합용),
6134,1,11,33000,,4호(유소년용),
6135,0,7,29000,,,
4161,0,10,10200,,5호(성인용),
4160,0,20,10400,,성인용(5호),
4159,0,8,14900,,성인용(5호),
4158,0,14,27000,,성인용(5호),
4156,0,7,37200,,5호(성인시합용),
4156,1,8,37200,,4호(유소년용),
5574,0,10,19200,블루,,
5574,1,13,19200,오렌지,,
5774,0,9,57000,,,
4090,0,9,26900,,,
4091,0,6,16000,,,
3997,0,6,51000,,P0000FXS000L,
3997,1,4,63500,,P0000FXS000M,
3882,0,10,9500,,,
3883,0,5,4000,,,
4119,0,15,5200,,,
4115,0,13,7000,블랙,,
4115,1,7,7000,오렌지,,
4096,0,3,7400,,,
4093,0,20,8200,블루,,
4093,1,13,8200,오렌지,,
4093,2,0,8200,그레이,,
4092,0,15,11000,,,
3889,0,2,18700,레드,,
3889,1,19,18700,그린,,
3881,0,4,6100,,,
3876,0,16,25000,,,
5666,0,1,26900,,,
5667,0,8,22900,,,
5711,0,13,45000,,,
5754,0,8,230000,,,
5761,0,6,329000,,,시내권
5761,1,1,359000,,,제주도
5761,2,2,329000,,,시내권
5761,3,1,359000,,,제주도
5765,0,20,39000,,,
5766,0,15,25000,,,
5828,0,20,17500,화이트,M,
5828,1,17,17500,화이트,L,
5828,2,14,17500,블랙,M,
5828,3,10,17500,블랙,L,
5930,0,3,175000,레드,,
5930,1,0,175000,블루,,
5932,0,20,14000,,,
5933,0,13,21000,,,
5934,0,14,16000,,,
5935,0,6,26000,,,
6005,0,17,16900,,,
6124,0,14,14000,,,
6125,0,3,17000,,,
6126,0,13,24000,,,
6127,0,3,29000,,,
6128,0,5,38000,,,
4140,0,16,14900,,,
4139,0,6,14900,,,
4138,0,1,16900,,,
4137,0,18,24900,,,
4136,0,4,22900,,,
5846,0,5,15900,,,셔틀콕 3개입
5688,0,14,4500,,,
5691,0,6,6500,,,
5689,0,18,11000,,,
3832,0,13,8500,,,
5690,0,5,14000,,,
3840,0,12,5900,,,
4142,0,5,12000,,,
6206,0,5,3000,,,
6207,0,11,4500,,,
6208,0,0,8000,,,
3997,0,11,51000,,P0000FXS000L,
3997,1,19,63500,,P0000FXS000M,
4086,0,4,370000,,,배송비20000원
3957,0,9,520000,,,P0000FWE000C
5765,0,20,39000,,,
6067,0,8,279000,,,시내권
6067,1,13,309000,,,제주도및도서산간
6067,2,5,291000,,,시내권
6067,3,20,321000,,,제주도및도서산간
6068,0,15,309000,,,시내권
6068,1,14,339000,,,제주도및도서산간
6068,2,13,321000,,,시내권
6068,3,16,351000,,,제주도및도서산간
6070,0,5,279000,,,시내권
6070,1,10,309000,,,제주도및도서산간
6070,2,3,291000,,,시내권
6070,3,5,321000,,,제주도및도서산간
6119,0,5,30000,,,
3790,0,9,21900,,,
3791,0,11,4900,,,
3976,0,1,12900,,,우투(왼손착용)
5694,0,0,15900,,,우투(왼손착용)
5695,0,15,21900,,,우투(왼손착용)
5696,0,5,36900,,,우투(왼손착용)
5697,0,11,26900,,,우투(왼손착용)
5777,0,18,20000,,11인치(노랑),
5777,1,7,22000,,12인치(파랑),
5765,0,16,39000,,,
6005,0,11,16900,,,
3965,0,11,39200,,,
3968,0,14,27400,,,
3889,0,2,18700,레드,,
3889,1,4,18700,그린,,
3876,0,8,25000,,,
3882,0,16,9500,,,
3883,0,1,4000,,,
3881,0,16,6100,,,
5754,0,20,230000,,,
5766,0,10,25000,,,
5930,0,3,175000,레드,,
5930,1,0,175000,블루,,
5932,0,10,14000,,,
5933,0,16,21000,,,
5934,0,19,16000,,,
5935,0,10,26000,,,
6030,0,17,179000,,,
4214,0,14,14400,,,
5685,0,2,4500,핑크(1단계),,
5685,1,18,5500,옐로우(2단계),,
5685,2,13,6500,그린(3단계),,
5685,3,2,7500,블루(4단계),,
5685,4,6,8500,퍼플(5단계),,
5706,0,10,14900,,,
5707,0,5,8900,,,
5768,0,5,19800,,,
5769,0,16,85900,,,
5826,0,4,26900,,,
5864,0,16,24900,,,
6083,0,9,349000,,,
6085,0,6,69000,,,
4048,0,12,30300,,,
4049,0,16,26800,,,
4050,0,12,22600,,,
4051,0,11,16700,,,
4056,0,7,20200,빨강,,
4056,1,10,20200,파랑,,
4062,0,19,11300,파랑,,
4062,1,20,11300,오렌지,,
4069,0,15,5900,,,
4071,0,18,125000,,,
4072,0,12,99000,,,
4083,0,14,9000,,,
4085,0,0,4200,,,
6096,0,20,194000,,,구입안함
6096,1,10,289000,,,전용매트
5685,0,14,4500,핑크(1단계),,
5685,1,3,5500,옐로우(2단계),,
5685,2,5,6500,그린(3단계),,
5685,3,2,7500,블루(4단계),,
5685,4,19,8500,퍼플(5단계),,
5706,0,19,14900,,,
5707,0,3,8900,,,
5769,0,1,85900,,,
6062,0,18,49000,,,3KG
6062,1,7,62000,,,5KG
6062,2,14,74000,,,7KG
6210,0,2,12000,보라,,
6210,1,18,12000,파랑,,
6210,2,3,12000,빨강,,
6211,0,8,15000,보라,,
6211,1,9,15000,파랑,,
6211,2,3,15000,빨강,,
6212,0,17,18000,보라,,
6212,1,6,18000,파랑,,
6212,2,11,18000,빨강,,
6213,0,18,14000,,,
6214,0,6,17000,다크그린,,
6214,1,16,17000,퍼플,,
6214,2,10,17000,다크블루,,
6215,0,14,10000,빨강,,
6215,1,17,10000,파랑,,
6215,2,11,10000,보라,,
4061,0,5,11000,빨강,,
4061,1,4,11000,파랑,,
4061,2,10,11000,보라,,
4069,0,16,5900,,,
4083,0,17,9000,,,
6097,0,9,198000,,,
6193,0,7,31900,,,
6194,0,11,34900,,,
5750,0,1,34000,,,
5619,0,5,27900,,,
3785,0,19,65000,,,
3784,0,12,29900,,,
5666,0,16,26900,,,
5667,0,13,22900,,,
5608,0,12,312500,,,
5781,0,4,45000,,,
5872,0,19,35900,,,
5378,0,12,1790000,,,문의후 주문가능 1899-1794
5377,0,11,1790000,,,문의후 주문가능 1899-1794
6005,0,18,16900,,,
6026,0,5,29500,,,
6027,0,4,26900,,,전자호각(라임)
6027,1,4,26900,,,전자호각(실버)
6027,2,17,26900,,,전자호각(오렌지 손목타입)
6027,3,18,21900,,,전자호각(오렌지 목걸이타입)
3821,0,9,27400,실버,,
5536,0,11,187000,,,
5666,0,8,26900,,,
5667,0,13,22900,,,
5894,0,11,14900,,,
6005,0,2,16900,,,
6026,0,9,29500,,,
6027,0,17,26900,,,전자호각(라임)
6027,1,10,26900,,,전자호각(실버)
6027,2,12,26900,,,전자호각(오렌지 손목타입)
6027,3,20,21900,,,전자호각(오렌지 목걸이타입)
5811,0,6,3900,,,
5808,0,4,24900,,,
5809,0,2,35000,,,
5810,0,14,33900,,,
5446,0,15,82000,,,
5481,0,16,20300,,,
5482,0,2,20300,,,
5832,0,10,8900,브라운(4개입),,
5832,1,6,8900,그레이(4개입),,
5848,0,9,74000,,,
6114,0,18,75000,,,
6115,0,2,99000,,,
6116,0,4,140000,,,
6117,0,5,160000,,,
3937,0,17,3000,레드,성인용,
3937,1,5,3000,오렌지,성인용,
3937,2,7,3000,옐로우,성인용,
3937,3,9,3000,형광그린,성인용,
3937,4,7,3000,블루,성인용,
3937,5,5,3000,퍼플,성인용,
3937,6,19,3000,핑크,성인용,
3937,7,4,3000,블랙,성인용,
3937,8,20,3000,화이트,성인용,
3936,0,8,3000,레드,유소년,
3936,1,8,3000,오렌지,유소년,
3936,2,14,3000,옐로우,유소년,
3936,3,5,3000,형광그린,유소년,
3936,4,6,3000,블루,유소년,
3936,5,14,3000,퍼플,유소년,
3936,6,0,3000,핑크,유소년,
3936,7,0,3000,블랙,유소년,
3936,8,0,3000,화이트,유소년,
3774,0,12,45000,,3호(성인시합용),
3774,1,4,45000,,2호(여성/유소년용),
3774,2,11,45000,,1호(어린이용),
5666,0,17,26900,,,
5667,0,18,22900,,,
5711,0,18,45000,,,
5754,0,15,230000,,,
5765,0,3,39000,,,
5766,0,6,25000,,,
5894,0,14,14900,,,
5930,0,15,175000,레드,,
5930,1,0,175000,블루,,
5963,0,15,68000,,,
6005,0,11,16900,,,
6026,0,15,29500,,,
6027,0,8,26900,,,전자호각(라임)
6027,1,10,26900,,,전자호각(실버)
6027,2,2,26900,,,전자호각(오렌지 손목타입)
6027,3,17,21900,,,전자호각(오렌지 목걸이타입)
6030,0,4,179000,,,
6061,0,5,275000,,,
3876,0,8,25000,,,
3889,0,10,18700,레드,,
3889,1,5,18700,그린,,
3997,0,18,51000,,P0000FXS000L,
3997,1,14,63500,,P0000FXS000M,
4083,0,20,9000,,,
4085,0,0,4200,,,
